<?xml version="1.0" encoding="UTF-8" ?>

<!DOCTYPE tiles-definitions PUBLIC
        "-//Apache Software Foundation//DTD Tiles Configuration 2.0//EN"
        "http://tiles.apache.org/dtds/tiles-config_2_0.dtd">

<tiles-definitions>

    <definition name="baseLayout" template="/tilestemplate.jsp">
        <put-attribute name="title" value="@MODNAME@"/>
        <put-attribute name="header" value="/header.jsp"/>
        <put-attribute name="menu" value="/menu.jsp"/>
        <put-attribute name="footer" value="/footer.jsp"/>
    </definition>

    <definition name="main" extends="baseLayout">
        <!--<put-attribute name="title" value=""/>-->
        <put-attribute name="body" value="/_init.jsp"/>
        <!--<put-attribute name="menu" value=""/>-->
    </definition>

</tiles-definitions>
