<?xml version="1.0" encoding="UTF-8" ?>

<!DOCTYPE struts PUBLIC
        "-//Apache Software Foundation//DTD Struts Configuration 2.0//EN"
        "http://struts.apache.org/dtds/struts-2.0.dtd">

<struts>
    <constant name="struts.custom.i18n.resources" value="/MessageResources"/>

    <constant name="struts.convention.default.parent.package" value="projDefault"/>

    <package name="projDefault" extends="convention-default">
        <result-types>
            <result-type name="tiles" class="org.apache.struts2.views.tiles.TilesResult"/>
        </result-types>

        <interceptors>
            <interceptor-stack name="projInterceptors">
                <interceptor-ref name="defaultStack"/>
            </interceptor-stack>
        </interceptors>

        <default-interceptor-ref name="projInterceptors"/>
    </package>

</struts>