<project name="custom">
    <target name="component-test" depends="run-component-test" description="Runs the component tests of the project">
        <echo message="Component test not implemented..."/>
    </target>

    <target name="-custom.init" depends="init-script">
        <taskdef resource="net/sf/antcontrib/antcontrib.properties">
            <classpath>
                <path refid="script.classpath"/>
            </classpath>
        </taskdef>
    </target>

    <target name="app-start" description="-> Start the application.">
        <parallel failonany="true">
            <sequential>
                <echo message="START TOMCAT"/>
                <antcall target="tomcat-start"/>
            </sequential>
            <sequential>

                <waitfor maxwait="1200000" checkevery="1000" timeoutproperty="tomcat.start.timeout">
                    <!--TODO: change to not burned url -->
                    <http url="http://localhost:8080"/>
                </waitfor>
                <fail if="tomcat.start.timeout" message="TOMCAT HAS NOT STARTED!"/>
                <echo message="TOMCAT SUCCESSFUL STARTED"/>

                <antcall target="tomcat-deploy-webapp">
                    <param name="tomcat.server" value="localhost"/>
                    <param name="tomcat.manager.url" value="http://localhost:8080/manager/html"/>
                    <param name="tomcat.username" value="tomcat"/>
                    <param name="tomcat.password" value="s3cret"/>
                    <param name="tomcat.webapp.name" value="@MODNAME@"/>
                    <param name="tomcat.webapp.war" value="${root.dir}/target/dist/@MODNAME@.war"/>
                </antcall>

                <waitfor maxwait="1200000" checkevery="1000" timeoutproperty="application.start.timeout">
                    <!--TODO: change to not burned url -->
                    <http url="http://localhost:8080/@MODNAME@/hello.jsp"/>
                </waitfor>

                <fail if="application.start.timeout" message="@MODNAME@ NOT DEPLOYED"/>
                <echo message="@MODNAME@ SUCCESSFUL STARTED"/>
            </sequential>
        </parallel>
    </target>

    <target name="app-stop" depends="-custom.init" description="-> Stop the application.">
        <trycatch property="undep.try.prop">
            <try>
                <antcall target="tomcat-undeploy-webapp">
                    <param name="tomcat.server" value="localhost"/>
                    <param name="tomcat.manager.url" value="http://localhost:8080/manager/html"/>
                    <param name="tomcat.username" value="tomcat"/>
                    <param name="tomcat.password" value="s3cret"/>
                    <param name="tomcat.webapp.name" value="@MODNAME@"/>
                    <param name="tomcat.webapp.war" value="${root.dir}/target/dist/@MODNAME@.war"/>
                </antcall>
            </try>
            <catch>
                <echo message="@@@@@@@@@ Caught: ${undep.try.prop}"/>
            </catch>
        </trycatch>
        <trycatch property="tomcatstop.try.prop">
            <try>
                <antcall target="tomcat-stop"/>
            </try>
            <catch>
                <echo message="@@@@@@@@@@@ Caught: ${tomcatstop.try.prop}"/>
            </catch>
        </trycatch>
    </target>
</project>